-- phpMyAdmin SQL Dump
-- version 5.1.0
-- https://www.phpmyadmin.net/
--
-- Servidor: 127.0.0.1
-- Tiempo de generación: 15-10-2021 a las 06:58:44
-- Versión del servidor: 10.4.19-MariaDB
-- Versión de PHP: 8.0.6

SET SQL_MODE = "NO_AUTO_VALUE_ON_ZERO";
START TRANSACTION;
SET time_zone = "+00:00";


/*!40101 SET @OLD_CHARACTER_SET_CLIENT=@@CHARACTER_SET_CLIENT */;
/*!40101 SET @OLD_CHARACTER_SET_RESULTS=@@CHARACTER_SET_RESULTS */;
/*!40101 SET @OLD_COLLATION_CONNECTION=@@COLLATION_CONNECTION */;
/*!40101 SET NAMES utf8mb4 */;

--
-- Base de datos: `seguridad`
--

-- --------------------------------------------------------

--
-- Estructura de tabla para la tabla `rol`
--

CREATE TABLE `rol` (
  `idrol` bigint(20) NOT NULL,
  `rodescripcion` varchar(50) DEFAULT ''
) ENGINE=InnoDB DEFAULT CHARSET=utf8mb4;

--
-- Volcado de datos para la tabla `rol`
--

INSERT INTO `rol` (`idrol`, `rodescripcion`) VALUES
(1, 'admin'),
(2, 'invitado');

-- --------------------------------------------------------

--
-- Estructura de tabla para la tabla `usuario`
--

CREATE TABLE `usuario` (
  `idusuario` bigint(20) NOT NULL,
  `usnombre` varchar(50) DEFAULT NULL,
  `uspass` varchar(200) DEFAULT NULL,
  `usmail` varchar(50) DEFAULT NULL,
  `usdeshabilitado` timestamp NULL DEFAULT NULL
) ENGINE=InnoDB DEFAULT CHARSET=utf8mb4;

--
-- Volcado de datos para la tabla `usuario`
--

INSERT INTO `usuario` (`idusuario`, `usnombre`, `uspass`, `usmail`, `usdeshabilitado`) VALUES
(1, 'admin', '202cb962ac59075b964b07152d234b70', 'admin@GMAIL.COM', '0000-00-00 00:00:00'),
(2, 'user', '202cb962ac59075b964b07152d234b70', 'user@gmail.com', '0000-00-00 00:00:00'),
(10, 'pruebas', '81dc9bdb52d04dc20036dbd8313ed055', 'mag@hhh', '0000-00-00 00:00:00');

-- --------------------------------------------------------

--
-- Estructura de tabla para la tabla `usuariorol`
--

CREATE TABLE `usuariorol` (
  `idusuario` bigint(20) NOT NULL,
  `idrol` bigint(20) NOT NULL
) ENGINE=InnoDB DEFAULT CHARSET=utf8mb4;

--
-- Volcado de datos para la tabla `usuariorol`
--

INSERT INTO `usuariorol` (`idusuario`, `idrol`) VALUES
(1, 1),
(1, 2),
(10, 1),
(10, 2),
(2, 2);

--
-- Índices para tablas volcadas
--

--
-- Indices de la tabla `rol`
--
ALTER TABLE `rol`
  ADD PRIMARY KEY (`idrol`);

--
-- Indices de la tabla `usuario`
--
ALTER TABLE `usuario`
  ADD PRIMARY KEY (`idusuario`);

--
-- AUTO_INCREMENT de las tablas volcadas
--

--
-- AUTO_INCREMENT de la tabla `rol`
--
ALTER TABLE `rol`
  MODIFY `idrol` bigint(20) NOT NULL AUTO_INCREMENT, AUTO_INCREMENT=3;

--
-- AUTO_INCREMENT de la tabla `usuario`
--
ALTER TABLE `usuario`
  MODIFY `idusuario` bigint(20) NOT NULL AUTO_INCREMENT, AUTO_INCREMENT=11;
COMMIT;

/*!40101 SET CHARACTER_SET_CLIENT=@OLD_CHARACTER_SET_CLIENT */;
/*!40101 SET CHARACTER_SET_RESULTS=@OLD_CHARACTER_SET_RESULTS */;
/*!40101 SET COLLATION_CONNECTION=@OLD_COLLATION_CONNECTION */;
